{
  "Component-dbg.js": 1728071252105,
  "xs-app.json": 1728073946712,
  "test/integration/pages/CustomersList.js": 1728071252141,
  "test/integration/opaTests.qunit.js": 1728071252137,
  "test/integration/FirstJourney.js": 1728071252141,
  "test/testsuite.qunit.js": 1728071252137,
  "test/integration/pages/CustomersObjectPage.js": 1728071252141,
  "manifest.json": 1728072202915,
  "Component.js": 1728071252105,
  "test/testsuite.qunit-dbg.js": 1728071252137,
  "test/testsuite.qunit.js.map": 1728073952350,
  "test/integration/opaTests.qunit-dbg.js": 1728071252137,
  "test/integration/opaTests.qunit.js.map": 1728073952392,
  "test/integration/FirstJourney-dbg.js": 1728071252141,
  "test/integration/FirstJourney.js.map": 1728073952377,
  "test/integration/pages/CustomersList-dbg.js": 1728071252141,
  "test/integration/pages/CustomersList.js.map": 1728073952350,
  "test/integration/pages/CustomersObjectPage-dbg.js": 1728071252141,
  "test/integration/pages/CustomersObjectPage.js.map": 1728073952376,
  "i18n/i18n.properties": 1728071255437,
  "Component.js.map": 1728073952377,
  "Component-preload.js": 1728073952447,
  "Component-preload.js.map": 1728073952447,
  "test/integration/opaTests.qunit.html": 1728071252137,
  "test/testsuite.qunit.html": 1728071252129,
  "test/flpSandbox.html": 1728071252129,
  "index.html": 1728071252105
}