{
  "Component-preload.js": 1728073962577,
  "test/integration/opaTests.qunit.js": 1728071296493,
  "test/integration/pages/RedemptionsList.js": 1728071296501,
  "test/integration/pages/RedemptionsObjectPage.js": 1728071296501,
  "test/integration/FirstJourney.js": 1728071296513,
  "test/testsuite.qunit.js": 1728071296485,
  "xs-app.json": 1728073946712,
  "manifest.json": 1728072202915,
  "Component.js": 1728071296437,
  "test/integration/FirstJourney-dbg.js": 1728071296513,
  "test/integration/FirstJourney.js.map": 1728073962507,
  "test/integration/pages/RedemptionsList-dbg.js": 1728071296501,
  "test/integration/pages/RedemptionsList.js.map": 1728073962510,
  "test/integration/pages/RedemptionsObjectPage-dbg.js": 1728071296501,
  "test/integration/pages/RedemptionsObjectPage.js.map": 1728073962507,
  "test/integration/opaTests.qunit-dbg.js": 1728071296493,
  "test/integration/opaTests.qunit.js.map": 1728073962507,
  "test/testsuite.qunit-dbg.js": 1728071296485,
  "test/testsuite.qunit.js.map": 1728073962511,
  "Component-dbg.js": 1728071296437,
  "Component.js.map": 1728073962509,
  "i18n/i18n.properties": 1728071300309,
  "Component-preload.js.map": 1728073962577,
  "test/integration/opaTests.qunit.html": 1728071296493,
  "test/testsuite.qunit.html": 1728071296473,
  "test/flpSandbox.html": 1728071296461,
  "index.html": 1728071296449
}