{
  "Component.js.map": 1728073959088,
  "manifest.json": 1728072202915,
  "test/integration/pages/PurchasesList.js": 1728071209085,
  "test/integration/opaTests.qunit.js": 1728071209065,
  "test/integration/FirstJourney.js": 1728071209093,
  "test/testsuite.qunit.js": 1728071209053,
  "xs-app.json": 1728073946712,
  "test/integration/pages/PurchasesObjectPage.js": 1728071209101,
  "Component.js": 1728071208993,
  "test/integration/pages/PurchasesList-dbg.js": 1728071209085,
  "test/integration/pages/PurchasesList.js.map": 1728073959086,
  "test/integration/opaTests.qunit-dbg.js": 1728071209065,
  "test/integration/opaTests.qunit.js.map": 1728073959088,
  "test/integration/FirstJourney-dbg.js": 1728071209093,
  "test/integration/FirstJourney.js.map": 1728073959091,
  "test/testsuite.qunit-dbg.js": 1728071209053,
  "test/testsuite.qunit.js.map": 1728073959087,
  "test/integration/pages/PurchasesObjectPage-dbg.js": 1728071209101,
  "test/integration/pages/PurchasesObjectPage.js.map": 1728073959087,
  "Component-dbg.js": 1728071208993,
  "i18n/i18n.properties": 1728071215473,
  "Component-preload.js": 1728073959148,
  "Component-preload.js.map": 1728073959148,
  "test/integration/opaTests.qunit.html": 1728071209065,
  "test/testsuite.qunit.html": 1728071209041,
  "test/flpSandbox.html": 1728071209041,
  "index.html": 1728071208993
}