{
  "Component-preload.js": 1728073955874,
  "test/integration/FirstJourney.js": 1728071456509,
  "test/integration/pages/ProductsList.js": 1728071456509,
  "test/integration/opaTests.qunit.js": 1728071456505,
  "test/integration/pages/ProductsObjectPage.js": 1728071456513,
  "test/testsuite.qunit.js": 1728071456501,
  "xs-app.json": 1728073946712,
  "manifest.json": 1728072202915,
  "Component.js": 1728071456453,
  "Component-dbg.js": 1728071456453,
  "Component.js.map": 1728073955820,
  "test/integration/pages/ProductsList-dbg.js": 1728071456509,
  "test/integration/pages/ProductsList.js.map": 1728073955810,
  "test/integration/opaTests.qunit-dbg.js": 1728071456505,
  "test/integration/opaTests.qunit.js.map": 1728073955811,
  "test/integration/pages/ProductsObjectPage-dbg.js": 1728071456513,
  "test/integration/pages/ProductsObjectPage.js.map": 1728073955808,
  "test/testsuite.qunit-dbg.js": 1728071456501,
  "test/testsuite.qunit.js.map": 1728073955812,
  "test/integration/FirstJourney-dbg.js": 1728071456509,
  "test/integration/FirstJourney.js.map": 1728073955814,
  "i18n/i18n.properties": 1728071461709,
  "Component-preload.js.map": 1728073955875,
  "test/integration/opaTests.qunit.html": 1728071456505,
  "test/testsuite.qunit.html": 1728071456493,
  "test/flpSandbox.html": 1728071456489,
  "index.html": 1728071456453
}